{
  "char_to_idx": {
    "<PAD>": 0,
    "<START>": 1,
    "<END>": 2,
    "<UNK>": 3,
    "C": 4,
    "N": 5,
    "O": 6,
    "S": 7,
    "P": 8,
    "F": 9,
    "Cl": 10,
    "Br": 11,
    "I": 12,
    "(": 13,
    ")": 14,
    "[": 15,
    "]": 16,
    "=": 17,
    "#": 18,
    "+": 19,
    "-": 20,
    "1": 21,
    "2": 22,
    "3": 23,
    "4": 24,
    "5": 25,
    "6": 26,
    "7": 27,
    "8": 28,
    "9": 29,
    "c": 30,
    "n": 31,
    "o": 32,
    "s": 33,
    "p": 34,
    "/": 35,
    "\\": 36,
    "@": 37,
    ".": 38,
    "H": 39,
    "l": 40,
    "B": 41,
    "r": 42,
    "e": 43
  },
  "idx_to_char": {
    "0": "<PAD>",
    "1": "<START>",
    "2": "<END>",
    "3": "<UNK>",
    "4": "C",
    "5": "N",
    "6": "O",
    "7": "S",
    "8": "P",
    "9": "F",
    "10": "Cl",
    "11": "Br",
    "12": "I",
    "13": "(",
    "14": ")",
    "15": "[",
    "16": "]",
    "17": "=",
    "18": "#",
    "19": "+",
    "20": "-",
    "21": "1",
    "22": "2",
    "23": "3",
    "24": "4",
    "25": "5",
    "26": "6",
    "27": "7",
    "28": "8",
    "29": "9",
    "30": "c",
    "31": "n",
    "32": "o",
    "33": "s",
    "34": "p",
    "35": "/",
    "36": "\\",
    "37": "@",
    "38": ".",
    "39": "H",
    "40": "l",
    "41": "B",
    "42": "r",
    "43": "e"
  },
  "vocab_size": 44,
  "max_length": 105,
  "special_tokens": [
    "<PAD>",
    "<START>",
    "<END>",
    "<UNK>"
  ],
  "timestamp": "2025-07-24T17:47:55.443947"
}